headline,detection,transformed_text
5 types of web content for driving extra traffic,not sarcastic,
"new, improved olean 30 percent less likely to make you shit in your pants",sarcastic,
two thumbs down on air nonsense,not sarcastic,
"autopsy determines total loser's corpse contained no traces of drugs, alcohol",sarcastic,"autopsy determines loser 's retrace contained No corpse of drugs, alcohol"
benedict cumberbatch prepares for battle in magical new 'doctor strange' trailer,not sarcastic,
u.s. reverses course and offers new dates for nato talks,not sarcastic,
a letter to parents at the start of a new school year,not sarcastic,
u.s. figure skating team makes history with record number of asian-americans,not sarcastic,
lesbian couple enjoys hot lesbian action,sarcastic,dyad lesbian hot lesbian action
this big dog and little bird are inseparable pals,not sarcastic,
gallant amazon user heroically defends 'fringe' season 2 box set from negative reviewers,sarcastic,beau amazon season defends user 2 fit from negative
donald trump says his supporters should 'hit back' at protesters more often,not sarcastic,
it just got easier for detroit students to pay for college,not sarcastic,
"kim, cosby and kim: 2014's greatest fails",not sarcastic,
poll worker injured by trump sign booby-trapped with razor blades,not sarcastic,
local los angeles awards show slated to open for grammys,sarcastic,local angeles los awards display slated to open for
rubio slams private fundraiser secrecy: 'it's a public event',not sarcastic,
chester bennington's wife shares video of him laughing hours before his death,not sarcastic,
food critic's wife makes the best lasagna she possibly can,sarcastic,critic 's wife the lasagne expert she can
welterweight boxer dies after sustaining serious injuries in bout,not sarcastic,
the bus that did not stop for us: a mother's take on the headscarf court ruling,not sarcastic,
confessions of a secret dog stalker,not sarcastic,
troy aikman: i 'knock on wood' hoping i stay healthy after concussions,not sarcastic,
a lifeline for disappearing cod,not sarcastic,
permission denied,not sarcastic,
at&t set to announce directv acquisition sunday,not sarcastic,
french prime minister: we are at war against radical islam,not sarcastic,
olympic swimmer ariana kukors is ready to fight sexual abuse in sports,not sarcastic,
how to write a thank you that gets you hired,not sarcastic,
relapse greatest week of man's life,sarcastic,relapse life of world 's week
"trump rebuffs his opioid task force, declines to declare state of emergency",not sarcastic,
suspected austin bomber dead in confrontation with police,not sarcastic,
largest ever all-female expedition sets sail for antarctica,not sarcastic,
friday's morning email: the latest in the trump-comey saga,not sarcastic,
horde of orange monsters exits local tanning salon,sarcastic,horde of orange lusus naturae local exits tanning salon
trump loved 'excellent actress and fine person' meryl streep in 2015,not sarcastic,
patty jenkins 'extremely distressed' over brett ratner allegations,not sarcastic,
ringo starr announces 26th beatles album with new backing band,sarcastic,
"women in business: three generations of women in radio: renee roth, jo-ann silverstein and rachel roth",not sarcastic,
trump dismisses accusers as women,sarcastic,the give trump sack accusers as women
trump supporters move to block vote recounts in 3 states,not sarcastic,
mike pence brings wife up onstage to help demonstrate how much contact appropriate before marriage,sarcastic,
"israel retroactively legalizes 4,000 settler homes",not sarcastic,
'i'm sorry i didn't finish the job',not sarcastic,
dionne warwick remembers bobbi kristina brown,not sarcastic,
website on disabilities act that tripped up betsy devos disappears,not sarcastic,
zenefits once told employees: no sex in stairwells,not sarcastic,
7 strategies for lasting fat loss,not sarcastic,
waiting for primary returns at a heroin anonymous meeting,not sarcastic,
here is the 8th person who was at donald trump jr.'s meeting with russians,not sarcastic,
from 13 to 23: a study in artificial maturity,not sarcastic,
ken burns implores stanford graduates to believe sexual assault survivors,not sarcastic,
bernie sanders holds back tears as brother memorializes their parents during dnc vote,not sarcastic,
these insane ping pong trick shots will get you in the groove,not sarcastic,
study finds leading cause of depression hearing words '2016 frontrunners',sarcastic,study finds contribute case of words disorder hearing depressive '2016 frontrunners '
strudel the obese dog's fitness journey is nothing short of inspiring,not sarcastic,
new 92-grain bread depletes majority of world's resources,sarcastic,
post-retirement work may not save your golden years,not sarcastic,
nobel prize awarded to man who helped humans have more fucking babies,sarcastic,
legendary broadcaster dies at 82,not sarcastic,
"america, the next hobby lobby case is heading for the supreme court",not sarcastic,
adorable girls sum up why we need more landmarks named after women,not sarcastic,
"kim kardashian channels cruella de vil, plus more outrageous looks of the month",not sarcastic,
citizens to vote on young or old reagan for $15 bill,sarcastic,citizens to vote on xv or old reagan for youthful nib
man accused of keeping woman in crate killed by cops,not sarcastic,
pamela wright's son was shot dead a month after newtown. this is her story.,not sarcastic,
the first felony trial of trump inauguration protesters is about to go to a jury,not sarcastic,
meet the third party,not sarcastic,
democratic lawmaker gives scott pruitt brutal reality check during senate hearing,not sarcastic,
autopsy reveals subject was still alive when autopsy began,sarcastic,autopsy reveals subject was alive still when necropsy get down
here's how india can become more integrated in global trade,not sarcastic,
is twitter bad for language? statistical analysis says no (new book),not sarcastic,
"'8 on 8' brawl ends in officer shot, suspect killed",not sarcastic,
how i came to follow my passion,not sarcastic,
mother's day -- more than once a year,not sarcastic,
axe wants to shed its douchey reputation and empower men,not sarcastic,
sanders could pull off michigan-style upset in ohio,not sarcastic,
russians mint 'in trump we trust' coin ahead of u.s. inauguration,not sarcastic,
kim kardashian tries to explain why she's famous to a toddler,not sarcastic,
getting up close to homophobia,not sarcastic,
colorado congressman hangs on after splitting with donald trump,not sarcastic,
"serial killer remembers neighbors as quiet, unsuspecting",sarcastic,
retailers hiring the most employees for the holidays,not sarcastic,
oxycontin maker criticized for new 'it gets you high' campaign,sarcastic,oxycontin novel knock maker 'it gets you high'campaign
how much will black lives matter in trump's america?,not sarcastic,
"area man too poor to afford movers, too old to get help from his friends",sarcastic,"man too from to afford movers, to fault honest-to-goodness to help miserable his friends"
10 ludicrous things republicans have actually said about health,not sarcastic,
young frenchman identified as possible bomber in attack on bataclan concert hall,not sarcastic,
30 things i've learned about life and kindness in my 30s,not sarcastic,
hillary clinton and bernie sanders vie for california's support,not sarcastic,
insiders blame rove for covering up iraq's real wmd,not sarcastic,
ted cruz: federal reserve is being run by philosopher kings,not sarcastic,
magazine runs article about louis c.k.,sarcastic,about runs article magazine Joseph Louis Barrow c.k.
mom learns about new vegetable,sarcastic,mom veg new learns
clinton campaign hits trump for seeing brexit as boon to his business,not sarcastic,
court rules 'cannibal cop' can fantasize about whatever he wants,not sarcastic,
uae warns citizens to avoid wearing traditional clothing while abroad,not sarcastic,
the pakistani army's coup against itself,not sarcastic,
the first 'rogue one' trailer is a 'star wars' nerd's dream,not sarcastic,
the celebrity that left tom hanks and rita wilson speechless,not sarcastic,
james corden makes emotional plea for gun control after vegas tragedy,not sarcastic,
man with stupid breaks off co-dependent relationship,sarcastic,with stupid off bump co-dependent
trevor noah mockingly praises trump's 'right racism' of 'pocahontas' slur,not sarcastic,
this is not your grandma's first brexit,not sarcastic,
russian president: saber-rattling is counterproductive with north korea. it's impossible to scare them.,not sarcastic,
james cameron cried the first time he heard james horner's 'titanic' theme,not sarcastic,
quaker oats canister relabeled 'drugs' for grade school play,sarcastic,Quaker oats sport 'drugs for grade schooltime canister
"in the face of systemic racism, south asians must not keep silent",not sarcastic,
hacker who stole celebrities' nude photos gets 9 months in prison,not sarcastic,
mudslide kind of fun until the dying part,sarcastic,mudslide of tolerant fun the dying
treasury department renames building to honor emancipated slaves,not sarcastic,
how to make the perfect mother's day breakfast,not sarcastic,
washington teen broke up with girlfriend before deadly shooting: reports,not sarcastic,
dad claims kingdom so 7-year-old can be real princess,not sarcastic,
grab them by the… hand: donald trump's disturbing nonverbal behavior,not sarcastic,
"reality, risk & reward: is us kids tv ripe for authenticity and autonomy?",not sarcastic,
"hugh laurie returns to the doctor game, except in chance he has none of the answers",not sarcastic,
no one speculating about family matters series finale,sarcastic,nobelium one family about speculating matters conclusion
drew carey signs 75-year contract to host the price is right,sarcastic,drew carey signs 75-year the host to price is right
"bernie sanders draws more than 20,000 people at boston rally",not sarcastic,
less popular friend proposes combining birthdays into single party,sarcastic,a to lesser extent pop friend proposes combining birthdays into single party
huffpollster: indiana's gop primary will be a battle between demographics and economics,not sarcastic,
"albuquerque shooter on the loose; gunman leaves 1 dead, 3 injured",not sarcastic,
console wars heat up as zenith unveils gamespace pro,sarcastic,console wars heat up as professional zenith
10 communication secrets of great leaders,not sarcastic,
disturbing ad shows how trump is teaching students to hate,not sarcastic,
the government problem,not sarcastic,
hillary clinton calls water crisis 'immoral' in visit to flint,not sarcastic,
"girl, 4, killed during apparent road rage attack",not sarcastic,
zeke thomas wants gay men to stop staying silent about assault,not sarcastic,
las vegas review-journal staffers want to know who owns their newspaper,not sarcastic,
the 7 upsides to sending your last kid off to college,not sarcastic,
that time mariel hemingway made out with all the women on 'snl',not sarcastic,
mark sanford's fiancee found out about split from facebook post,not sarcastic,
amber rose encourages iggy azalea to 'date a bunch of hot guys' to get over nick young,not sarcastic,
"for conservative press, the post-trump reckoning can't come soon enough",not sarcastic,
end gun violence by repealing not enacting legislation,not sarcastic,
"for freelancers, growing opportunity and risk",not sarcastic,
kate mckinnon's creepy kellyanne conway goes fatal attraction on 'snl',not sarcastic,
"our final oscar predictions, plus who should actually win at sunday's awards",not sarcastic,
woman thinks she would make a great talk-show host,sarcastic,woman thinks she would host a great make
cable news sure could talk to more muslims about the muslim ban,not sarcastic,
syrian rebels to exit aleppo as truce begins,not sarcastic,
30 days of online dating: i should have broken the rules,not sarcastic,
let's get trump's evangelical council to resign,not sarcastic,
here's how much the house has paid in recent sexual harassment settlements,not sarcastic,
how (not) to repeat history,not sarcastic,
new pepsi product specifically mentions target demographic in name,sarcastic,young target specifically mentions product demographic In name
the case for holistic education in the wake of charlottesville violence,not sarcastic,
terrorism is terrorism,not sarcastic,
recent saving of planet attributed to working assets long-distance plan,sarcastic,recent of planet attributed program working asset long-distance to
this accused 'mainsplainer' is attacked for defending alleged victims,not sarcastic,
a safe birth for imelda,not sarcastic,
pope francis trains for easter mass by dragging pew loaded with rocks across snow,sarcastic,pope francis trains for rocks mass by dragging pew loaded with easter crosswise pull the wool over someone 's eyes
8 clever packed lunch hacks we stole from kids,not sarcastic,
even conservatives now admit the u.s. needs paid family leave,not sarcastic,
"after careful consideration, bush recommends oil drilling",sarcastic,"after careful consideration, oil recommends rock bush drilling"
american tourist punched for giving nazi salute in germany,not sarcastic,
donald trump is terrible news for our food system,not sarcastic,
the wealthiest have a private tax system that saves them billions,not sarcastic,
charlize theron makes a villain out of vin diesel in this 'fate of the furious' clip,not sarcastic,
people-watcher catches glimpse of rare north american black doofus,sarcastic,people-watcher grab glimpse of doofus north american pitch-black rare
want to be healthier? flirt more,not sarcastic,
anyone want to watch bill murray get sprayed with champagne?,not sarcastic,
5 faith facts about chris christie,not sarcastic,
shameless new dad uses craigslist to try to hook up with his wife's delivery nurse,not sarcastic,
donald trump's attacks on a judge were racist and wrong: poll,not sarcastic,
supreme court puts redrawing of texas electoral maps on hold,not sarcastic,
government data sharpens focus on crude-oil train routes,not sarcastic,
"from birth control to culturally competent care, affordable care act breaks down health care barriers",not sarcastic,
content marketing guide from the best content director awardee: nic mccarthy,not sarcastic,
this one neat trick will eliminate clickbait forever,not sarcastic,
watch your favorite musicians perform 'the hamilton mixtape' live,not sarcastic,
you won't believe where this key got stuck,not sarcastic,
the bible has no place in modern american society: sobering lessons from donald trump and kim burrell,not sarcastic,
"six dead, 10 hurt in baltimore commuter, school bus crash",not sarcastic,
why we should value (but not worship) reason,not sarcastic,
people show their love for the epa with thousands of valentines,not sarcastic,
this is what boy scouts' intolerance to transgender people is doing,not sarcastic,
trial for charleston church shooter dylann roof delayed until january,not sarcastic,
"connection, mission, game: your best friends",not sarcastic,
40-foot american flag pin welded to statue of liberty,sarcastic,
reproductive health and rights in an age of inequality,not sarcastic,
'the world is emptier now': celebrity fans and friends pay tribute to david bowie,not sarcastic,
german auto engineer issued lab coat,sarcastic,german motorcar lab issued engineer coat
how a tv-free summer is changing our family,not sarcastic,
what is america's first muslim fraternity really like?,not sarcastic,
russia vows to expand 'black list' of americans in response to new sanctions,not sarcastic,
"come to listen, mr. president",not sarcastic,
baseball slugger on pace to hit 60 women,sarcastic,baseball threescore on pace to hit slugger women
mizzou chancellor condemns 'verbal assault' by melissa click during homecoming parade,not sarcastic,
try to keep calm but k-pop band bts is getting a documentary series,not sarcastic,
how imani boyette's love for basketball helped her overcome depression,not sarcastic,
ufc champion jon jones sentenced in hit-and-run case involving a pregnant woman,not sarcastic,
family chooses different dog than reincarnated grandfather,sarcastic,
office janitor asks to work from home,sarcastic,spot janitor to asks knead from home
"in india, gaps in quality of care leave women seeking sterilization vulnerable",not sarcastic,
taylor swift thanks her 'boyfriend adam' during iheartradio music awards speech,not sarcastic,
mike ditka has not been paying attention to history,not sarcastic,
sleepover guests get story straight on what time they went to bed,sarcastic,
the problem with calling women 'females',not sarcastic,
9 parking garage designs that are works of art,not sarcastic,
the first family looked exceptionally stylish on easter sunday. obvi.,not sarcastic,
donald trump makes dubious claim about inauguration singer jackie evancho,not sarcastic,
vending machine most up-to-date technology in school,sarcastic,peddling technology most up-to-date machine inwards school
how real estate players are bracing for the l train shutdown,not sarcastic,
don't let the headphones (or the extra fat) fool you,not sarcastic,
"my husband died, how can i be thankful?",not sarcastic,
10 days that shook the regressive world,not sarcastic,
network faces backlash after putting white woman in 'brownface' to appear muslim,not sarcastic,
this dance inspired by 'moonlight' is almost as gorgeous as the real thing,not sarcastic,
missouri attorney general finds no evidence planned parenthood mishandled fetal tissue,not sarcastic,
australian asylum seekers told to choose life in jail or risk death in home countries,not sarcastic,
trump fans the flames,not sarcastic,
video:  #icantbreathe poem on house floor,not sarcastic,
new workplace diversity initiative kills one white employee every hour on the hour until more minority candidates hired,sarcastic,new workplace diversity hour drink down one livid every time of day on the initiative more nonage hired
raccoon crushed to death by garbage truck hits jackpot with reincarnation,sarcastic,crushed to death truck refuse by hits kitty with rebirth
how 3 badass women stopped an alleged rape attempt,not sarcastic,
scary and gross - 3 disturbing consequences of a warming planet,not sarcastic,
man thinks receptionist is hitting on him,sarcastic,human receptionist thinks is hitting him
area man purchases the devil's advocate on dvd for some reason,sarcastic,area man devil 's advocate on for videodisc approximately reason
man builds rad all-terrain wheelchair that looks like a tank for war hero dad,not sarcastic,
progressive company pays both men and women 78% of what they should be earning,sarcastic,progressive company pays both and men women 78 % of what they should be take
barry jenkins quietly makes history with oscar nomination trifecta,not sarcastic,
india is home to the world's first completely solar-powered airport,not sarcastic,
billy joel has billy joel's disease,sarcastic,billy disease has Book of Joel 's joel
huntsman quietly relieved to be polling poorly among gop voters,sarcastic,huntsman quiet relieved to be polling poorly Party Republican voters
dennis miller deeply concerned about long-distance service,sarcastic,
inanimate object despised,sarcastic,object nonliving despised
heroes everywhere are signing a petition to have deadpool host 'snl',not sarcastic,
on the road to the emmys with my entourage aka my kids,not sarcastic,
fed lowers the boom on wells fargo after years of grotesque scandals,not sarcastic,
this unreleased britney spears song is all kinds of sultry,not sarcastic,
the making of them: tv documentary review (belated),not sarcastic,
men behaving badly,not sarcastic,
tuesday's morning email: ebola contracted outside of west africa,not sarcastic,
heritage foundation lowers another retired gop senator into vat of strategists,sarcastic,heritage cornerstone lower another berth retired gop senator into VAT of strategists
grieving losses other than death,not sarcastic,
"hannity claims relationship with cohen never went past payment for legal advice, defense strategy in criminal cases",sarcastic,"exact relationship with cohen never went past defrayment for criminal advice, defense scheme in legal cases"
watch rihanna steam up 'bates motel' in new preview,not sarcastic,
obama: deaths of marines in chattanooga shooting 'heartbreaking',not sarcastic,
"'these kids should be in school instead of protesting,' say people so tantalizingly close to getting the point",sarcastic,"'these kids should be in schooling say of protesting,'instead people tantalizingly to getting the point"
funniest parenting tweets: what moms and dads said on twitter this week,not sarcastic,
"a big shift is coming, and it could uber-ize entire industries",not sarcastic,
taylor swift wins video of the year for 'bad blood' at 2015 vmas,not sarcastic,
the importance of multidisciplinary eating disorders treatment,not sarcastic,
subscribing to success,not sarcastic,
"iraqi troops retake the town of nimrud, near historic ruins, from isis",not sarcastic,
jake tapper to trump: kim jong un is not a 'smart cookie' — he's a murderer,not sarcastic,
first 'teenage mutant ninja turtles 2' trailer reveals bebop and rocksteady,not sarcastic,
desperate trump campaign turns to congress for support in attacks against khan family,not sarcastic,
"manhattan da swept harvey weinstein sexual harassment under the rug, report alleges",not sarcastic,
who will win and who should win at the 2015 emmys,not sarcastic,
custody battle sparks couple's first-ever interest in child,sarcastic,battle sparks child 's first-ever couple
gop lawmaker: gay rep. should have stayed in the closet,not sarcastic,
dick cheney would torture again,not sarcastic,
"gentrification mockumentary asks you to please remember rich, white kids",not sarcastic,
oxford student wins prize for photo of atom taken with dslr camera,not sarcastic,
7 ways to build a community using data-driven narratives,not sarcastic,
indian country all too familiar with rachel dolezals of the world,not sarcastic,
charlize theron meets the kill club in new 'dark places' clip,not sarcastic,
'little boy' stands tall,not sarcastic,
8 super effective ways to use social media to land your next job,not sarcastic,
macklemore to fans: use music to resist trump,not sarcastic,
tim scott: every senator should read coretta scott king,not sarcastic,
poster vandal enters 'phallus in mouth' period,sarcastic,bill period Vandal enters 'phallus in'sticker
'don't cry for me',not sarcastic,
an open letter to white supremacists from former owner of biggest racist record label,not sarcastic,
neighborhood busybody reports sound of gunshots,sarcastic,sound busybody write up neighborhood of gunshots
"the sanders-clinton debate flap, explained",not sarcastic,
connecticut to give its electoral college votes to national popular vote victor,not sarcastic,
why suing your bank could help others avoid being ripped off,not sarcastic,
she dropped everything to come fight for immigration reform. she's still waiting.,not sarcastic,
zayn malik breaks his twitter silence to thank fans,not sarcastic,
report: apocalypse actually happened 3 years ago,sarcastic,: materialise actually apocalypse 3 years agone
gym teacher still remembers names of every former pantywaist,sarcastic,gym teacher names remembers still of every sometime pantywaist
jeb bush: i misjudged the intensity of gop voters' anger,not sarcastic,
ctrl+ plus: a closer look at amc's halt and catch fire,not sarcastic,
ivy-covered home like that on inside too,sarcastic,dwelling house too that along inside like
kim kardashian gives us the first glimpse of saint west,not sarcastic,
bankrupt toys 'r' us forced to euthanize thousands of hatchimals,sarcastic,
bts proves k-pop's power with spot on time magazine's most influential list,not sarcastic,
what it means to be a 'dream director' at one of d.c.'s struggling schools,not sarcastic,
heavy snow and high winds pound the east coast,not sarcastic,
"north korea fires multiple missiles, south korean military says",not sarcastic,
"news roundup for july 19, 2017",not sarcastic,
nba free agency winners and losers,not sarcastic,
6 things you didn't know about michael b. jordan,not sarcastic,
trump's trojan horse tax cut,not sarcastic,
overcrowded gop field forces iowa to construct massive town hall stadium,sarcastic,massive gop field forces iowa to fabricate overcrowded townsfolk G. Stanley Hall stadium
how to advance lgbt rights in red states,not sarcastic,
harry styles announces his world tour dates,not sarcastic,
deadly midair collision reported in maryland,not sarcastic,
"local play well-attended by friends, family",sarcastic,
labor unions blamed for derailing campaign transparency efforts,not sarcastic,
french catering company employs refugees to cook their native foods,not sarcastic,
miley cyrus' 'wrecking ball' could be kelly clarkson's best cover yet,not sarcastic,
rudy giuliani just said trump is trying to 'get us back to a free press',not sarcastic,
twitter's latest anti-troll measure is perfectly timed,not sarcastic,
north korea promised to include release of u.s. citizens in meeting with trump: report,not sarcastic,
cuomo makes surprise afghanistan trip,not sarcastic,
groups working to make the world wide web live up to its name,not sarcastic,
police seek suspect in series of random later hostings,sarcastic,
a feminist meets fidel castro,not sarcastic,
kevin hart drops an f-bomb in awkward nfl network interview,not sarcastic,
these strangers rushing to help one another remind us we're not alone,not sarcastic,
women honor harriet tubman with 100-mile trek along the underground railroad,not sarcastic,
"bush urges senate to give alito fair, quick, unanimous confirmation",sarcastic,
trump reads fake version of own speech,not sarcastic,
spot-on video sums up the wildly different lives of cat and dog owners,not sarcastic,
j.j. abrams explains how he picked the new 'star wars' character names,not sarcastic,
"in the 'bad moms christmas' trailer, the bad moms' moms are crashing the party",not sarcastic,
here's how you can help lgbt survivors of prison rape this holiday season,not sarcastic,
supreme leader khamenei says iranian nuclear weapons are a u.s. 'myth',not sarcastic,
chipotle ceo predicts the demise of 'irrelevant' fast food chains,not sarcastic,
"sudden cardiac arrest more likely in african-americans, new study says",not sarcastic,
thinking more broadly about mothering this mother's day,not sarcastic,
growing up with the holocaust as a writer,not sarcastic,
funniest parenting tweets: what moms and dads said on twitter this week,not sarcastic,
why are bi men less likely to open up about same-sex attraction?,not sarcastic,
why uber should hire a woman ceo,not sarcastic,
the basics of personal branding - five simple questions before you start,not sarcastic,
don't read lena dunham: it only encourages her,not sarcastic,
cop takes cinnamon bun into own hands,sarcastic,
facebook reportedly beta-testing 'downvote' button,not sarcastic,
ana navarro calls out gop: you'd impeach hillary clinton over this,not sarcastic,
7 phrases you should never say during an argument,not sarcastic,
and the city with the least attractive people is...?,not sarcastic,
enthusiasm of 18-year-old first-time voter completely unbearable,sarcastic,of exuberance 18-year-old first-time voter unendurable
chris murphy: congress giving 'quiet endorsement' to murders,not sarcastic,
"universities, public spaces and the democratic way of life",not sarcastic,
olivia delivers a classic shondaland elevator moment in exclusive 'scandal' clip,not sarcastic,
hip-hop legends salt-n-pepa want more women in rap today,not sarcastic,
learning to live with ulcerative colitis,not sarcastic,
missouri governor accuses ferguson police of attacking michael brown's character,not sarcastic,
success academy works for my kid,not sarcastic,
love the real you: the case for self love,not sarcastic,
jaden smith is all of us during kanye west's vmas speech,not sarcastic,
new airport security rules could mean 'short interviews' with passengers,not sarcastic,
5 things about wedding planning that really suck,not sarcastic,
international women's day,not sarcastic,
aarp warns of sweepstakes scams,not sarcastic,
oscars line up five non-white presenters,not sarcastic,
key california lawmaker steps down amid harassment claims,not sarcastic,
reinventing win-win-win business relationships,not sarcastic,
these latinos' reactions to 'coco' prove representation matters,not sarcastic,
u.s. justices reject challenge to protest ban on supreme court plaza,not sarcastic,
man travels to historic art locations just to paint the patterns on his shirts,not sarcastic,
85 percent of u.s. cole slaw remains uneaten,sarcastic,85 kale of u.s. percent slaw stay uneaten
doing my daughter's hair makes me feel like a better dad,not sarcastic,
a small request for mother's day,not sarcastic,
republican supporter of kim davis contradicts his own stance,not sarcastic,
amazon unhinged,not sarcastic,
a new what??,not sarcastic,
8.8 million people enrolled in obamacare plans for 2018,not sarcastic,
8 ways to recommit to your fading resolutions,not sarcastic,
navy hospital removes staffers for calling babies 'mini satans' on social media,not sarcastic,
hot new website 'facebook' is lighting up the charts,not sarcastic,
everything you need to know about how stress affects your skin,not sarcastic,
donald trump meets chief justice roberts to talk inauguration,not sarcastic,
to wax or not to wax?,not sarcastic,
watch a wrecking ball destroy a bunch of cars and get on with your life,not sarcastic,
new ted nugent cologne tested on 'every goddamn animal we could find',sarcastic,new Teddy boy nugent cologne essay along 'every goddamn we animal find '
syria misses another chemical weapons benchmark despite 'significant progress',not sarcastic,
chrissy teigen is thankful she can now filter out the haters on instagram,not sarcastic,
history will remember transphobic trump and his supporters with contempt,not sarcastic,
"power companies could use drones to save lives, cut costs",not sarcastic,
my truth about being a black man and a black cop,not sarcastic,
a devastating story of friendship and heartbreak that definitely passes the bechdel test,not sarcastic,
house vote maintains military ability to jail people without trial,not sarcastic,
man takes parents on tour of city where he came to escape them,sarcastic,
can you hear us now: an ongoing movement to raise the voices of muslim women,not sarcastic,
deputy interior secretary met with lobbyist for a casino his former firm also represents,not sarcastic,
kids as crash test dummies: brownback outsources child support services to donor,not sarcastic,
how every new year's eve ends up being awful,not sarcastic,
new york times throws vicious oscars shade at kevin spacey,not sarcastic,
isis struggling to narrow down gop debate sound bites for new recruitment video,sarcastic,ISI struggling to narrow recruitment gop debate sound chomp for new down video
toasting 2017 goodbye with ketogenic kool-aid,not sarcastic,
argentinian tv station trolls donald trump,not sarcastic,
celebrate older americans month by fighting senior poverty,not sarcastic,
even prison officials want to curb solitary confinement,not sarcastic,
paul pierce accidentally proves la is still a lakers town,not sarcastic,
the magical turpan,not sarcastic,
coworker who went to gym this morning a chipper little fucker,sarcastic,coworker who run gym to this sunrise a chipper little fucker
ted cruz-john kasich pact gets off to a bad start,not sarcastic,
toyota launches 'back to the future'-themed ad campaign,not sarcastic,
"for gay couple, fulfilling lifelong dream of marriage not worth moving to iowa",sarcastic,
plan b releases new heart-shaped tablets for valentine's day,sarcastic,
employees from other department announce plan to ramble on about fucking nothing right next to your desk,sarcastic,employee from nearly department announce plan to ramble along other fucking nothing flop adjacent to your
a pennsylvania house race embodies the fight for the future of the democratic party,not sarcastic,
did climate change spawn all these hurricanes? here's why it's hard to say.,not sarcastic,
what do kids need to know about race?,not sarcastic,
new study determines the best way to discipline your teen,not sarcastic,
charity exec braves mt. kilimanjaro to rally support for hell's kitchen social services,not sarcastic,
thousands of cheering americans packed into park for ted cruz concession speech,sarcastic,thousands of cruz americans carry into park ted along concession speech
"gentrification rolls on in dallas, but will it grow up?",not sarcastic,
jury awards ex-employee of roscoe's chicken n' waffles $1.6m in race discrimination suit,not sarcastic,
red carpet organizers regret only renting one porta potty,sarcastic,
want to challenge trump on immigration? try a strategy from the antebellum south,not sarcastic,
police near st. louis quash peaceful protest by declaring it an unlawful assembly,not sarcastic,
drought bad,sarcastic,bad drouth
photographer captures private moments of lgbtq icons in stunning color,not sarcastic,
9 things parents could buy with the money they spend on child care,not sarcastic,
"justin trudeau continues to melt hearts, teaching son how to make s'mores",not sarcastic,
siri's creators say they've made something for you,not sarcastic,
this author thinks all women are 'crazy' -- and wants us to own it,not sarcastic,
blissful ignorance commemorated on annual 9/10 anniversary,sarcastic,
watch: tennis star mirjana lucic-baroni delivers the world's greatest motivational speech,not sarcastic,
watch: why mirrors flip things sideways but not upside down,not sarcastic,
assessing our children to death,not sarcastic,
with friends like these: trump speaks among bigots who want lgbt people dead,not sarcastic,
meg gavin's gps guide for finding perspective,not sarcastic,
how synagogues honor non-jewish congregants on yom kippur,not sarcastic,
a mother's day tribute to my mother-in-law,not sarcastic,
michael phelps says that he's now ready to retire,not sarcastic,
bernie sanders' health care bill is a huge win for the abortion rights movement,not sarcastic,
what about trump's campaign promise of 'america first'?,not sarcastic,
minnesota café charges 35 cent 'fee' to protest minimum wage hike,not sarcastic,
here's a complete rundown of what happened at the second presidential debate,not sarcastic,
is the fda sleeping on the job when it comes to sleeping pills?,not sarcastic,
donald trump thinks north carolina got it wrong on anti-lgbt bathroom bill,not sarcastic,
now that's what i call shitty music 8 tops album charts,sarcastic,now that 's what i call 8 music shitty tops charts
pakistani military engagement: walking a fine line between saudi arabia and iran,not sarcastic,
traveling tips for families with special diet,not sarcastic,
a love contract to help pets deal with parents' breakup,not sarcastic,
why i'm building my political wardrobe,not sarcastic,
ryan reynolds wished his brother a happy birthday the only way he knows how,not sarcastic,
congo postpones elections as opposition calls for general strike,not sarcastic,
you can finally get kendall and kylie jenner's new video game,not sarcastic,
controversial congressman touts iowa 'peasant hunt' with donald trump jr.,not sarcastic,
no one knows how medieval nuns used this mysterious prayer wheel,not sarcastic,
storm harvey could financially hurt already strained houston hospitals,not sarcastic,
illinois considers allowing recall attempts of chicago mayor,not sarcastic,
mcdonald's just caved to a ton of pissed off 'rick & morty' fans,not sarcastic,
7 facts school leaders want you to know about kids in new orleans,not sarcastic,
why it's time to stop casually calling people 'schizophrenic' and 'bipolar',not sarcastic,
monica lewinsky: 'i'm not alone anymore' thanks to the me too movement,not sarcastic,
al roker slams 'moron' jim inhofe for bringing snowball to senate,not sarcastic,
benadryl introduces new non-drowsy allergy dart,sarcastic,benadryl introduces dart non-drowsy allergy New
"god, jesus and the bible: faqs for gay pride month",not sarcastic,
13 reasons to feel hopeful during a rough month,not sarcastic,
mitt romney 'planning to run' for senate if orrin hatch retires: report,not sarcastic,
geniuses made a must-watch 'formation' parody about anti-abortion laws,not sarcastic,
the army tells its soldiers to get some sleep,not sarcastic,
megyn kelly on donald trump: 'i have done my level best to not make this story about me',not sarcastic,
"joy reid: gop in bizarre mirror universe where clinton is guilty, trump is blameless",not sarcastic,
5 signs that you should end your relationship,not sarcastic,
wednesday's morning email: latest missile launch from north korea appears to put entire continental u.s. in range,not sarcastic,
"there's no need to fear other people's 'bad energy,' says psychic",not sarcastic,
new stapler makes all other staplers look like worthless shit,sarcastic,new stapler bull all other stapler bet like worthless makes
will smith says trump may force him to run for president,not sarcastic,
understanding the islamic state,not sarcastic,
watch abbi from 'broad city' strip naked and rock out to lady gaga,not sarcastic,
"we're thankful for curvy models, curly hair and more!",not sarcastic,
"sens. mccain, graham: trump's order could become 'self-inflicted wound' in terror fight",not sarcastic,
ancient flying beast named after 'avatar' creature,not sarcastic,
bill cosby mug shot released,not sarcastic,
fridge magnet pushed to limits,sarcastic,to magnet pushed fridge set
climate science on trial again,not sarcastic,
these 6 selena cards will make your valentine feel como la flor,not sarcastic,
dad delivers state of the union rebuttal directly into television screen,sarcastic,dad delivers state of the union into directly rebuttal television set screen
study seeks to measure 'scalia-ness' of donald trump's supreme court picks,not sarcastic,
californian falls to his death from cliff trying to rescue his dog,not sarcastic,
15 things to bring on your summer adventures,not sarcastic,
we must increase food aid during time of famine,not sarcastic,
"trump backers share his animosity toward the media, poll shows",not sarcastic,
trump outlines bold vision for nation's next mass protests,sarcastic,
here is how phil jackson and the knicks can win free agency,not sarcastic,
19 women who have a very complicated relationship with grills,not sarcastic,
mexican presidential candidate calls for cutting off thieves' hands,not sarcastic,
mayor apologizes for citing wwii japanese internment camps in rejecting refugees,not sarcastic,
paul ryan's war on social security,not sarcastic,
americans aren't always as divided on gun control as it seems,not sarcastic,
mark zuckerberg apologizes to congress for not realizing scope of his genius,sarcastic,scrape zuckerberg apologizes to congress for not of scope realizing his Einstein
what the heart of a tiger looks like: faith instead of fear,not sarcastic,
"and now, the first picture from the 'gilmore girls' revival",not sarcastic,
gun lobby politicians like bob goodlatte enable social media killers,not sarcastic,
wearable technology: the coming revolution in healthcare,not sarcastic,
ryan reynolds reveals blake lively's perfect response to his birthday tweet,not sarcastic,
5 books to get you out of your literary comfort zone,not sarcastic,
obama administration accused of violating constitutional rights of immigrant detainees,not sarcastic,
secret service took 15 minutes to catch white house fence jumper: report,not sarcastic,
dear sleep-deprived mama,not sarcastic,
"after one realizes methadone clinic nearby, behavior around city block makes sense",sarcastic,"single realizes methadone pulley, behavior around city clinic makes sense"
why fashion should be on the climate change agenda,not sarcastic,
this moose strikes a blow against the takeover of the machines,not sarcastic,
fear is just one big joke,not sarcastic,
how will america respond to cold war ii?,not sarcastic,
protest sparks after black man shot by police in minneapolis,not sarcastic,
how do you campaign for your dad in iowa? ask martin o'malley's teenage son.,not sarcastic,
here's how you can help lgbtq communities around the country,not sarcastic,
blm protest at london airport calls out environmental inequality,not sarcastic,
megachurch pastor abruptly retires after allegations of improper conduct go public,not sarcastic,
what to do if you feel traumatized by the las vegas shooting,not sarcastic,
pope francis' silent response to the filipino girl: what he might have been thinking,not sarcastic,
south dakota high school principal injured in school shooting,not sarcastic,
20 body changes nobody tells you come before menopause,not sarcastic,
donald trump flat out lies about his reaction to charlottesville,not sarcastic,
"'tall women in clogs' busts stereotypes about height, gender and more",not sarcastic,
"the news on russia and trump is evolving, but people's opinions are not",not sarcastic,
on losing my first friend,not sarcastic,
"hulu's 'the handmaid's tale' adds joseph fiennes, will be b-a-n-a-n-a-s",not sarcastic,
bizarre mars dune pattern looks like a message in morse code,not sarcastic,
my kids eat chicken nuggets (and other parenting atrocities),not sarcastic,
trump taps 'jumpin' jack flash' to close the deal in iowa,not sarcastic,
why shopping doesn't solve problems in the fashion industry,not sarcastic,
don't pay another bill until you pay this,not sarcastic,
a gospel of white supremacy is not the gospel of christ,not sarcastic,
secretary of education under investigation for falsifying hall passes,sarcastic,hall of education under investigation for secretary hand
magical rainbow ring caught on camera from drone,not sarcastic,
no one quite sure why 8-year-old has voice of lifelong chain smoker,sarcastic,has unitary quite sure wherefore 8-year-old no voice of lifelong chain smoking
i'm not an empty nester. i'm just sharing my daughter with the world.,not sarcastic,
25 worst original names of famous bands,not sarcastic,
"thousands march in washington, d.c. heat to demand trump act on climate change",not sarcastic,
isis' muslim death toll is enormous,not sarcastic,
shirtless tonga olympian pita taufatofua wins olympic opening ceremony again,not sarcastic,
state facing lawsuit over controversial law nullifying all federal gun regulations,not sarcastic,
report: maid of honor not even that good of friends with bride,sarcastic,report : maid of with non eve that good of friends honor Saint Bridget
15 songs that defined the boomer generation,not sarcastic,
public-speaking student to make point of gesturing,sarcastic,educatee to piss of point
"'i feel your pain,' romney tells campaign rally attendees who make $20 million a year",sarcastic,"' i twenty your trouble, romney tells campaign ride attendees who $ feel a yr"
5 financial wake-up calls -- and what you can learn from them,not sarcastic,
a weighty new year's resolution,not sarcastic,
bill maher calls out donald trump's racism with spot-on monologue,not sarcastic,
opposition calls for turkish vote annulment after erdogan wins powers,not sarcastic,
busboy who cradled a dying rfk is finally moving past his grief,not sarcastic,
house conservatives claim democrats have failed black communities,not sarcastic,
ariel winter slayed prom with this disney princess moment,not sarcastic,
cousin of nba star dwyane wade killed in chicago shooting,not sarcastic,
rand paul: hillary clinton is a 'war hawk',not sarcastic,
grocery-store worker can't bear to eat food anymore,sarcastic,grocery-store ca n't bear to any food eat longer
parental leave revolution moves from tech to banking,not sarcastic,
"years of networking, glad-handing sabotaged by coworker's good idea",sarcastic,
5 family movies still worth streaming on netflix this holiday,not sarcastic,
two new documentaries outline the legacies of steven spielberg and alfred hitchcock,not sarcastic,
congress raises killing age to 19,sarcastic,
trevor noah says wikileaks proves clinton is guilty -- of being boring,not sarcastic,
who else besides joe biden might crash the debate?,not sarcastic,
mat kearney gets a 'second wind' with new album and tour,not sarcastic,
5 gorgeous home office ideas,not sarcastic,
"'beautiful moment ripped away' as car plows into anti-racist group in charlottesville, 1 dead",not sarcastic,
the music of strangers: a film review by dr. lloyd sederer,not sarcastic,
sixty seconds of art,not sarcastic,
politicians bash donald trump over use of 'pocahontas' slur at navajo event,not sarcastic,
spouse criticism may worsen chronic low back pain,not sarcastic,
washington monument set up on blind date with eiffel tower,sarcastic,
"on emmett till, black death spectacle, and cultural (mis)appropriation",not sarcastic,
india holds 5k stampede for charity,sarcastic,india for 5k stampede holds charity
education for the world we want (part 2),not sarcastic,
vacationing family visits world's biggest asshole,sarcastic,vacationing family see world 's arse biggest
6 intimate details you can tell just by looking at someone,not sarcastic,
live: south korea vs. algeria,not sarcastic,
here is how senate republicans try to hide the damage of their repeal bill,not sarcastic,
how to make pumpkin treats for your dog,not sarcastic,
should we pay the staggering economic and human costs of nuclear weapons?,not sarcastic,
'it's the heart of mississippi': meet the people of oxford,not sarcastic,
andrew lincoln will make you hope for rick's death scene on 'the walking dead',not sarcastic,
weird new cereal sets tone for first weekend at divorced dad's,sarcastic,weird at cereal rig shade for first weekend unexampled divorced dad
truth through fiction,not sarcastic,
why britain's spy chief says he wouldn't hire james bond,not sarcastic,
vice president pence pushes expansive nato and defense of european micro-states: does president trump know?,not sarcastic,
kourtney kardashian shares adorable photo with baby reign,not sarcastic,
j.k. rowling reveals what her horcrux would be (if she had to make one),not sarcastic,
"previewing 'hidden figures' with the teary-eyed octavia spencer, taraji p. henson and janelle monáe",not sarcastic,
huffpollster: carly fiorina probably won't help ted cruz save his campaign,not sarcastic,
analyst warns gop: house majority is in danger in 2018,not sarcastic,
saudi courts should exhibit independence by protecting speech,not sarcastic,
the gop on immigration: life imitating satire -- and vice versa,not sarcastic,
all the best accessories from nyfw,not sarcastic,
retiring teacher moved to tears by surprise flash mob on her last day,not sarcastic,
u.n. tribunal swayed by thousands of children's letters to milosevic,sarcastic,u.n. tribunal of by thousands sway children 's letter to milosevic
new apple ceo tim cook: 'i'm thinking printers',sarcastic,new apple executive officer tim printers :'i 'm cook '
the 'westworld' mystery that started it all might finally be solved,not sarcastic,
dem accuses gop chair of 'attempt to choke off public info' on russia probe,not sarcastic,
brazil president dilma rousseff suspended after senate votes for impeachment trial,not sarcastic,
"1 dead, 3 hurt in stabbing on ut austin campus",not sarcastic,
an open letter to my shelter dog's first owner,not sarcastic,
"elizabeth warren quotes taylor swift, slams trump in commencement speech",not sarcastic,
autonomy: the self-driving car and you,not sarcastic,
abc announces ellen will come out in every episode,sarcastic,
syrian boy with meningitis evacuated from besieged town,not sarcastic,
iran's amazing spider-woman climbs a wall so fast it doesn't look real,not sarcastic,
leslie jones and adam rippon commentating on figure skating is an olympic dream,not sarcastic,
supporters defend kirsten gillibrand after trump delivers 'sexist smear',not sarcastic,
cops attempt to unlock phone of man they killed using his finger,not sarcastic,
how the uk is strengthening interfaith bonds after paris attacks,not sarcastic,
ryan reynolds warns deadpool fans: 'don't say a f**king word',not sarcastic,
adele worships at the altar of beyoncé just like the rest of us,not sarcastic,
"dare to be 100: yes, virginia, wherever",not sarcastic,
a pastoral letter to older generations about those frustrating millennials,not sarcastic,
florida teen apologizes for racist promposal sign,not sarcastic,
prison escapee appears in court,not sarcastic,
"god almost forgot to kill dave elfman of boulder, co today",sarcastic,now forgot to kill dave elfman boulder co almost
house republicans unveil bill to repeal obamacare,not sarcastic,
amos lee reveals the story behind 'arms of a woman',not sarcastic,
romney campaign reboots for 72nd consecutive week,sarcastic,romney campaign reboots consecutive 72nd for
the top 2 things people choose to dream about,not sarcastic,
consumer confidence verging on cockiness,sarcastic,consumer verging confidence along
missing from amazon's search for a second home: the climate effects,not sarcastic,
why we won't be participating in black friday,not sarcastic,
police department threatens criminals with 'stranger things' spoilers,not sarcastic,
irish prime minister uses st. patrick's day to praise immigration in front of trump,not sarcastic,
gop congressman who revived obamacare repeal faces rage at rowdy town hall,not sarcastic,
a guide to how much butter is in your favorite baked goods,not sarcastic,
the lingering ex: social media and break-ups,not sarcastic,
enrique iglesias and anna kournikova share first photos of newborn twins,not sarcastic,
using new technology to give voice to the voiceless,not sarcastic,
men did most of the talking in 2016's super bowl commercials,not sarcastic,
trevor noah: 'moms are just like superheroes without the capes',not sarcastic,
how competent are nonprofit boards in strategic planning?,not sarcastic,
facebook to block private gun sales,not sarcastic,
linebacker faces suspension for genocide,sarcastic,
supreme court agrees to hear new jack white album,sarcastic,supreme album accord hear raw jack white court
20-year-old with down syndrome is the youngest business owner in his town,not sarcastic,
washington d.c. officer shoots woman carrying knife,not sarcastic,
a protester somehow managed to disrupt donald trump's rnc speech,not sarcastic,
the director of hbo's new james foley documentary on making a movie about his childhood pal,not sarcastic,
man surprised to hear himself tell matt damon he's a 'big fan',sarcastic,man surprise to damon himself tell matte see he 's a 'big fan
we might be all wrong about robots taking our jobs,not sarcastic,
hillary clinton nabs victory in new mexico primary,not sarcastic,
alyson stoner opens up about falling in love with a woman,not sarcastic,
adele sends her love to brussels with touching tribute,not sarcastic,
"italy earthquake survivors to live in tents until january, amatrice mayor says",not sarcastic,
philip roth obituary just thinly disguised version of author's life,sarcastic,philip mask Roth obituary just lightly Philip version of author 's life
the single greatest threat to our national security is donald trump,not sarcastic,
baby elephant gets (adorably) rescued from the mud,not sarcastic,
bill maher says 'pride and prejudice' won out in uk's brexit vote,not sarcastic,
defending journalism in the age of trump,not sarcastic,
see the latest empowering breastfeeding photo that's causing controversy on facebook,not sarcastic,
pharma's puerto rico problems could mean drug shortages,not sarcastic,
"nike ceo blasts trump executive order targeting muslims, refugees",not sarcastic,
... and justice for all,not sarcastic,
mindfulness in your 20s: how to use gratitude as fuel for happiness,not sarcastic,
former mormon missionary center leader accused of sexual assault,not sarcastic,
gop prays for ossoff lossoff,not sarcastic,
hollywood screenwriter says depiction of gay men in films is 'horrible',not sarcastic,
texas provider will offer free abortions for women affected by harvey,not sarcastic,
let food truly be your fuel,not sarcastic,
"drunk naked man streaks at women's march, pays the price",not sarcastic,
"10 names for me that i find offensive, incorrect, bigoted, sexist and just plain wrong!",not sarcastic,
free your mind your crotch will follow,not sarcastic,
tribe prepares to keep up pipeline protest through north dakota winter,not sarcastic,
"kim kardashian is back on the town, and her look is... interesting",not sarcastic,
"a little gay jewish boy: ""life is a cabaret?""",not sarcastic,
friendship blossoms into unrequited love,sarcastic,unreciprocated blossoms into friendship love
"hollande, valls, macron and article 49-3: france tries harder to reform",not sarcastic,
once-homeless hairstylist helps girls in need in the most beautiful way,not sarcastic,
kanye sends flowers to presidential running mate taylor swift,not sarcastic,
trevor noah issues warning about donald trump's apparent flip on gun control,not sarcastic,
is hillary clinton the last democratic presidential candidate to support the death penalty?,not sarcastic,
"ted cruz, marco rubio urge oregon militants to stand down",not sarcastic,
the largest demographic of binge drinkers might surprise you,not sarcastic,
5 workaholic rules for staying out of the emergency room,not sarcastic,
"nope, christian bale is not playing batman in 'batman v superman'",not sarcastic,
5 mistakes moms make when setting new year's resolutions,not sarcastic,
prince's former flame sheila e. mourns death of music legend: 'thank god love lives forever',not sarcastic,
"interview with louise munson, playwright of luigi",not sarcastic,
spanish government threatens to impose direct rule in catalonia,not sarcastic,
mcdonald's birthday party to be happiest time in child's life,sarcastic,mcdonald 's life day party to happiest time in child 's natal
bernie sanders slams trump: 'that kind of crap is not going to work in the united states',not sarcastic,
fictional books within books we wish were real,not sarcastic,
what europe can teach us about trump,not sarcastic,
world gets first-ever look inside greenspan fantasy ranch,sarcastic,inside first-ever look baffle greenspan ranch
comedian tracey ullman: 'we just need more women in the studio system',not sarcastic,
soda nearing room temperature,sarcastic,board soda temperature
report: women only made up 2.7% of video game bosses last year,sarcastic,account : fair sex only made improving 2.7 % of video last bosses game year
dog missing for almost a decade reunites with family in colorado,not sarcastic,
storybook romance leads to in-flight-magazine marriage,sarcastic,storybook romance marriage in-flight-magazine go
does political correctness work?,not sarcastic,
area woman not about to miss ally mcbeal for that,sarcastic,area about woman miss friend mcbeal for that
sarah palin defends curt schilling: 'espn continues to screw up',not sarcastic,
ariana grande spills deets on album release on 'tonight show',not sarcastic,
malawi girls take self defense classes to combat widespread sexual violence,not sarcastic,
why top talent is passing your company by,not sarcastic,
5 workplace benefits you wish your company offered,not sarcastic,
report: friend has been going by middle name this whole fucking time,sarcastic,: friend has personify buy the farm this middle name by whole fucking time
sunday roundup,not sarcastic,
mute teen fulfills his dream of becoming a rapper despite not having a jaw,not sarcastic,
how i'm finding my voice with wendy davis,not sarcastic,
palestinians suspicious of al-aqsa surveillance promoted by kerry,not sarcastic,
11 of the best doughnut recipes you've ever seen,not sarcastic,
kids' adorable observations about the world may have been crucial to their survival,not sarcastic,
look: the ultimate tiny home is in a dumpster,not sarcastic,
david valadao tk house race,not sarcastic,
the military can't come up with a name for its war against isis. we're here to help.,not sarcastic,
google still a long way from meeting diversity goals,not sarcastic,
this video of kourtney kardashian eating a kit kat bar is celeb culture run amok,not sarcastic,
why we 'freeze' in uncomfortable situations,not sarcastic,
success in relationships,not sarcastic,
lesbian ex-mayor has perfect response to ann coulter's hurricane nonsense,not sarcastic,
"ncaa will pull more events from north carolina unless hb2 is repealed, sports group warns",not sarcastic,
france's election is about so much more than just populism,not sarcastic,
homemade 'die hard' scene will have you saying 'yippee ki yay',not sarcastic,
george w. bush interrupted obama to ask him to snap a picture of him and it was amazing,not sarcastic,
harry reid stunned by ted cruz's claim that most violent criminals are democrats,not sarcastic,
how paul ryan won over every house republican (except for one),not sarcastic,
former obama aide david plouffe calls donald trump a 'psychopath',not sarcastic,
remembering lynn walker huntley,not sarcastic,
al franken will leave senate in early january,not sarcastic,
gop plan to avoid september shutdown: we'll get back to you later,not sarcastic,
trump's evangelical advisors urged him to protect dreamers,not sarcastic,
the 'perfect body' is a lie. i believed it for a long time and let it shrink my life,not sarcastic,
trump's new 'domestic gag rule' would strip funds from planned parenthood,not sarcastic,
"the rise of europe's far-right is 'a wake-up call' for democracy, says turkish novelist",not sarcastic,
father of theater shooting victim now sits in son's row at movies,not sarcastic,
tommy lee jones tells jimmy fallon he doesn't want to play any of his little fucking games,sarcastic,
google grants $1 million to non-profit to bring more black boys to tech,not sarcastic,
the best beef burger recipes to make this grilling season,not sarcastic,
alec baldwin: it's tough to impersonate the greatest presidential impersonator of all time,not sarcastic,
"the equality house hit by 7 bullets, graffitied in anti-lgbtq attack",not sarcastic,
chairman of house committee on homeland security wants to review trump's refugee order,not sarcastic,
"thanks to game of thrones, archery is now cool. you can actually do it & get fit. here's how.",not sarcastic,
twitter roasts mariah carey for 'disaster' hot tea moment during new year's performance,not sarcastic,
"6 dead, including 4 kids, in mass shooting near houston",not sarcastic,
this tiny florida island village is pulling together in irma's aftermath,not sarcastic,
friday's morning email: what the senate health care bill could mean for you,not sarcastic,
"private prison company backs super pacs for donald trump, senate republicans",not sarcastic,
look who made an appearance at l.a. pride...,not sarcastic,
an open letter to my 3 extraordinary brown girls,not sarcastic,
another english king could be buried under a parking lot,not sarcastic,
trump campaign ceo steve bannon failed to properly pay taxes for several years,not sarcastic,
"to be a president for all americans, trump must address hate incidents committed in his name",not sarcastic,
another open letter to betsy devos from a public school teacher,not sarcastic,
special counsel robert mueller probing trump business transactions: report,not sarcastic,
today we are all journalists,not sarcastic,
macklemore reminds grammys audience about cds available for sale in lobby,sarcastic,macklemore prompt audience cds for event sales in lobby
"news roundup for september 22, 2017",not sarcastic,
joe biden: dallas shooting 'touched the soul of the nation',not sarcastic,
how a group of outcast teen boys taught me the value of youth sports,not sarcastic,
obama has tied reagan in public opinion polls,not sarcastic,
california lawmakers approve gas tax to pay for $52 billion infrastructure plan,not sarcastic,
jada pinkett smith boycotts oscars for lack of diversity (update),not sarcastic,
new year's resolution -- let colleges lead the way to a new normal in cuba,not sarcastic,
this inspiring fitness model lives without a working heart,not sarcastic,
the must see attraction of 2015 in vegas,not sarcastic,
ryan seacrest sells 'squad goals' series to cbs,not sarcastic,
congress splits into male and female senators to discuss newest reproductive bill,sarcastic,male splits into congress and female senators to newest generative
syrian man kept up all night by neighbors dying,sarcastic,
19 times flower girls brought some major style to the bridal party,not sarcastic,
these sikh bhangra dancers will shovel away your winter blues,not sarcastic,
pigeon's route accommodated,sarcastic,itinerary 's pigeon
antifa organizers announce plans to disrupt neo-nazi rally or whatever else going on that day,sarcastic,antifa arranger announce plans up break to rally whatever else going that day
people on the street apologize to their old teachers on 'jimmy kimmel live',not sarcastic,
larry nassar was allowed to see patients during sexual assault investigation,not sarcastic,
"emergency responders working to dislodge commercial jet from thick, polluted cloud over new delhi",sarcastic,"exigency respondent working to dislodge commercial jet from thick, over taint contaminated new delhi"
shocking gun ad by georgia gubernatorial candidate brian kemp backfires,not sarcastic,
selig counted money while baseball lost the next generation of fans,not sarcastic,
unesco weighs in on debate over where jesus was baptized,not sarcastic,
john legend kissing chrissy teigen's stomach is peak them,not sarcastic,
every conceivable nook in car stuffed with trash by second hour of road trip,sarcastic,every imaginable nook car stuffed 2nd folderol by with of route trip
police assume truck was deliberately driven into berlin christmas market,not sarcastic,
change in bus seats taken personally,sarcastic,change in bus taken area seating personally
can research identify a school that's working?,not sarcastic,
kamikaze swimmers finally reach pearl harbor,sarcastic,kamikaze swimmers last at pearl harbor
man who threatened to move to canada before election still here,sarcastic,man who jeopardize to to Canada here election still before
kim kardashian just wore her most confusing look yet,not sarcastic,
ahmad khan rahami identified as suspect in manhattan explosion,not sarcastic,
area woman has more than 200 products to help calm her,sarcastic,help has More than 200 products to area calm her
busy obama sends drone to pick up sasha from school,sarcastic,busy obama pick radio-controlled aircraft to sends up from civilise
car bomb kills three in southeastern turkey,not sarcastic,
drinking beer could help save this adorable red panda,not sarcastic,
jordan klepper destroys gop bill that sells 'good guy with a gun' myth,not sarcastic,
breakup letter taped to baby,sarcastic,
one man's journey into modern shamanism,not sarcastic,
what's really going on with twitter?,not sarcastic,
these are a few of the shelters scrambling to offer winter storm refuge,not sarcastic,
this could be 'one of the warmest christmas days of your lifetime',not sarcastic,
serena williams has perfected her argument against the wage gap,not sarcastic,
parents debate: should you send your kids to camp?,not sarcastic,
'a cashier at our davenport location did what?' disgusted sbarro ceo asks,sarcastic,' a location at our davenport teller coiffure what? ' disgusted enquire ceo sbarro
franchesca ramsey's retirement home for trump fans is brilliant,not sarcastic,
3 simple tips to practice daily gratitude,not sarcastic,
"asian tsunami, hurricane katrina, kashmir earthquake battle for natural disasty award",sarcastic,"asian natural, hurricane katrina, kashmir earthquake conflict for tsunami disasty award"
marco rubio nabs his first 2016 win in minnesota gop presidential caucus,not sarcastic,
"australia is responsible for immigrant children suffering in detention, un investigator says",not sarcastic,
"ailing castro begins 750,000 last words",sarcastic,"last castro begins 750,000 ailing"
"elderly dog can already tell owner doesn't think she's worth $3,000 gallstone surgery",sarcastic,"elderly detent can tell possessor theatre n't she 's worth $ 3,000 gallstone operating set"
why it's so much better to buy experiences than things,not sarcastic,
"reflections for an uneasy memorial day: obama's mystery achievements, trumping dangerous nonsense",not sarcastic,
ann coulter calls 'grotesque' donald trump a disappointment,not sarcastic,
church honors 'dearly beloved' prince by putting his lyrics on sign,not sarcastic,
recent mlb incidents reveal warped ideas of manhood in sports,not sarcastic,
new online voting system allows millions of masturbators to take part in democracy,sarcastic,new on-line part organisation allows millions of masturbators to take voting democracy
drink me now: go green with pistachios,not sarcastic,
r.e.m.'s children still hoping parents will get back together,sarcastic,r.e.m . 's tike back hoping parents will get still unitedly
13 snacks that won't derail your resolutions,not sarcastic,
greece rescues hundreds of migrants from sinking ship off crete,not sarcastic,
elementary school teacher accused in rape of former student,not sarcastic,
ice detains tim kaine for speaking spanish at campaign rally,sarcastic,
academy calls possible effect of trump's ban on foreign nominees 'extremely troubling',not sarcastic,
canadian police aplogize for threatening drunk drivers with nickelback,not sarcastic,
"chef josé andrés prepares 40,000 thanksgiving meals in puerto rico",not sarcastic,
a muslim american mother's fears and hopes at dawn of the trump era,not sarcastic,
"girl, 11, invents 'chemo backpack' to help kids with cancer, after battling the disease herself",not sarcastic,
republicans are shocked (!) that they've nominated an ignorant boor,not sarcastic,
12 stunning photos of 'tiny dancers' caught in action,not sarcastic,
two gay texans open up about building their dream family,not sarcastic,
"we're mad as hell, and we're not going to take it anymore",not sarcastic,
death toll from powerful mexico earthquake rises to 91,not sarcastic,
why the new york times is naming names in national security stories,not sarcastic,
investigating abuses at unlicensed religious homes for troubled kids,not sarcastic,
"only 12 of trump's 22,450 employees have given a substantial donation to his campaign",not sarcastic,
mental hospital fire leaves hundreds of demons homeless,sarcastic,genial leaves infirmary hundreds of homeless
i didn't have this end in mind,not sarcastic,
"tolerance for women and girls in afghanistan, not silence",not sarcastic,
paypal back up after suffering from temporary global outage,not sarcastic,
here's why you shouldn't take selfies with pythons,not sarcastic,
returning parents can tell son had huge house fire over weekend,sarcastic,returning parents backside state son had vast fire house over
fighting gets worse in yemen despite saudi pledge to halt campaign,not sarcastic,
the trump cabinet guide to complimenting people in your life,not sarcastic,
casual friday claims lives of 13 nuclear-waste-disposal technicians,sarcastic,casual friday technicians lives of long dozen nuclear-waste-disposal call
"lice invade espn makeup and hair studios, deadspin reports",not sarcastic,
determined cat goes through a lot to wrestle with stuffed tiger,not sarcastic,
ferguson on edge on first night with curfew,not sarcastic,
kristen bell shared a hilarious story about pumping while working,not sarcastic,
the one tip you need to achieve financial and physical health,not sarcastic,
the wonderful moment a returning soldier surprised his parents at an nhl game,not sarcastic,
obama honors those who made the ultimate sacrifice on memorial day 2015,not sarcastic,
no more 'reconciliation' talk,not sarcastic,
ted cruz ties 'amnesty' for undocumented immigrants to nuclear weapons in iran,not sarcastic,
robert kirkman shoots down that huge 'walking dead' fan theory,not sarcastic,
thursday's morning email: china fires diplomatic warning shots,not sarcastic,
supreme court justices keep citing cases roberts and alito are too young to remember,sarcastic,supreme Pres keep refer cases Oral Roberts and alito are overly court Young remember
preet bharara: paul manafort may flip to avoid a harsh sentence,not sarcastic,
katy perry awarded $1.57 million from entrepreneur who interfered with convent sale,not sarcastic,
"as shutdown looms, push to link planned parenthood with spending fight gains steam in house",not sarcastic,
road sign over-explains highway's dangers,sarcastic,road dangers over-explains highway 's sign
building the university of the future,not sarcastic,
4 must-have digital marketing core competencies,not sarcastic,
class clown has nothing on wilmot proviso,sarcastic,
busybody fireman ruins suicide attempt,sarcastic,ruins fireman busybody set about
jay-z's grandfather busted with trunk full of canadian prescription drugs,sarcastic,jay-z 's grandfather canadian with trunk wide-cut of busted prescription drugs
jogger clearly on first run of plan to turn life around,sarcastic,jogger clear along run of plan to life turn around
listen to america: a huffpost road trip,not sarcastic,
study finds women who want abortions are often given misleading information,not sarcastic,
trump woos kids with helicopter rides at iowa state fair,not sarcastic,
"are brick and mortar banks and checking accounts dying due to digital wallets, prepaid debit cards, etc.?",not sarcastic,
taliban condemns trump's decision to continue war in afghanistan,not sarcastic,
10 tips for balancing work and home,not sarcastic,
new financial report finds economy invincible forever this time,sarcastic,financial young finds economic system invincible forever this time
"as ed gillespie's campaign goes, so goes the memory of the civil war",not sarcastic,
new year's eve prank leaves 4-year-old glued to mcdonald's toilet,not sarcastic,
this stepmom and biomom's relationship is parenting #goals,not sarcastic,
cooking off the cuff: bluefish in saor – a new york take on a venetian favorite,not sarcastic,
obama to announce new climate change help for island nations,not sarcastic,
#nevertrump conservative media will have to decide if never means never,not sarcastic,
depleted hawaiian volcano now just coughing up bile,sarcastic,depleted hawaiian volcano bile just coughing improving nowadays
have obama's education policies weakened the democratic party?,not sarcastic,
poisoned daughter of russian spy released from hospital,not sarcastic,
man huffs keyboard spray after crash as cop watches,not sarcastic,
restaurant fires pizza-delivery dog,sarcastic,fires restaurant pizza-delivery dog
age-defying makeup tips for women over 50,not sarcastic,
bernie sanders says hillary clinton should cut ties with clinton foundation if elected,not sarcastic,
step inside salvador dali's surreal paintings with trippy vr video,not sarcastic,
new google project delivers critical info to refugees' smartphones,not sarcastic,
10 ways to win her back if you're a dude in a rom-com,not sarcastic,
"a woman as indiana jones? yes, please.",not sarcastic,
u.s. military prepares for biggest okinawa land return since 1972,not sarcastic,
a 'game of thrones' prequel could actually happen,not sarcastic,
kellie pickler hilariously misses the buzzer in celebrity 'family feud' fail,not sarcastic,
chris pratt's son is totally trolling him,not sarcastic,
reclaiming our faith in the era of trump,not sarcastic,
inconsiderate woman on bus eating live tuna,sarcastic,
"while trump attacks colin kaepernick, the quarterback is donating to meals on wheels",not sarcastic,
egypt sets date for parliamentary elections,not sarcastic,
indian sweatshop worker has to work in the fucking dark now too,sarcastic,indian sweatshop worker has to solve the inward fucking dark now too
what does real equality look like?,not sarcastic,
"new fathers suffer from postpartum depression, too",not sarcastic,
the world bank accidentally left me a voicemail discussing their strategy to downplay rights abuses,not sarcastic,
knowing hillary,not sarcastic,
americans finally found something to drink that's better than soda,not sarcastic,
how to outsmart the populists – lessons from france,not sarcastic,
"donald trump signs spending bill, averting government shutdown",not sarcastic,
celebration and destruction,not sarcastic,
"the beyhive swarms rachael ray, thinking she is rachel roy",not sarcastic,
if trump praised other historic african-american figures like he did frederick douglass,not sarcastic,
what we found at 'the end of the tour',not sarcastic,
stephen colbert introduces the hilarious alter egos of donald trump's cabinet,not sarcastic,
the fbi just blasted reporting on the san bernardino killings,not sarcastic,
butterball releases new travel-size turkey,sarcastic,
man miscast in role of father,sarcastic,man role in miscast father
how do i live knowing proof of heaven?,not sarcastic,
police headquarters completes new addition to accommodate officers on desk duty for misconduct,sarcastic,police headquarters completes addition desk oblige officers on to duty for mishandle
the importance of adding stress relief to your to-do list,not sarcastic,
are there 22 patriotic house republicans?,not sarcastic,
why are trans people left out of lgbt history so often?,not sarcastic,
to the parent whose heart is hurting this holiday season,not sarcastic,
"to curb rising costs, experts call for ban on prescription drug ads",not sarcastic,
does chasing your dreams scare you? good.,not sarcastic,
4 ways caffeine keeps you from realizing your potential,not sarcastic,
quantum lip,not sarcastic,
new energy secretary guesses he ought to read up on energy,sarcastic,fresh energy ought guesses he secretary to up along energy
nikki lost 89 pounds: 'any mom will tell you scheduling time to exercise can be very hard',not sarcastic,
usher and harry belafonte talk activism in joint appearance,not sarcastic,
decoding america's immigration sentiment,not sarcastic,
from music festivals to college campuses: trans* and women's communities,not sarcastic,
mom and dad take hilariously relatable back-to-school photos,not sarcastic,
latina business owner faces death threats for appearing onstage at donald trump rally,not sarcastic,
"hasan minhaj inks netflix deal, is first indian-american to front weekly comedy show",not sarcastic,
comedian releases song to find her own rachel maddow,not sarcastic,
hollywood quietly shuts down after realizing that entertainment a delicate matter of subjective opinion,sarcastic,quietly delicate down afterwards that entertainment a close topic of immanent opinion
"while democrats held their convention, here's where the money was",not sarcastic,
matt smith speaks out about 'the crown' pay gap,not sarcastic,
super tuesday: live results,not sarcastic,
islamic state fighter from u.s. reportedly in custody in iraq,not sarcastic,
mike pence got through vp debate without having to explain anti-lgbt record,not sarcastic,
weinstein scandal inspires models to share stories of abuse in their industry,not sarcastic,
prima donna surgeon storms out of half-full operating theater,sarcastic,leading donna surgeon out storms of half-full dramatics
"'whitey bulger ordered the murder of 19 people,' reports anonymous rat bastard",sarcastic,'whitey bulger consecrate the anon 19'reports of. bastard blabber
why happy hours may soon replace early bird specials,not sarcastic,
new gop health care bill is even worse than the first,not sarcastic,
"lena dunham has a theory on why men, apparently, don't like serena williams and ronda rousey",not sarcastic,
scientists politely remind world that clean energy technology ready to go whenever,sarcastic,scientists world remind courteously that energy science to go whenever
trump administration seems to be winging it on food stamp replacement boxes,not sarcastic,
"egg lobbyists targeted bloggers, media to fight vegan startup",not sarcastic,
aquaman is a big fan of trump pulling out of the paris agreement,not sarcastic,
foul play suspected in destruction of world's second-largest ball of twine,sarcastic,foul play suspected atomic number of of 's Lucille Ball destruction twine
here's what clinton and trump were really thinking about during the debate,not sarcastic,
how to save money fast: 10 habits that can fund your dreams,not sarcastic,
non-denominational terrorist organization welcomes extremists of all faiths,sarcastic,non-denominational terrorist organization welcomes extremist completely of faiths
donald glover needed 'white translator' to convince fx to allow 'n-word' in 'atlanta',not sarcastic,
'13 reasons why': stop telling young women true love will save them,not sarcastic,
a simple solution to america's woes: huge raises,not sarcastic,
trumpcare scored so badly it could actually help the senate,not sarcastic,
new york's attorney general wants to keep birth control free,not sarcastic,
"boys in chairs: my first time, 11 years later",not sarcastic,
huffpost rise: what you need to know on february 8,not sarcastic,
how to get researchers to notice an ultra-rare disease,not sarcastic,
"house democrats demanded action on guns, but americans kept killing each other",not sarcastic,
being obese is strongly linked to a greater risk for these 11 cancers,not sarcastic,
why did corporate reformers overlook newark's children and families?,not sarcastic,
area man not about to tie his shoe when he's 4 blocks away from sitting down,sarcastic,
matt damon now knows you are sexually attracted to his ponytail,not sarcastic,
do you suffer from obsessive trump disorder?,not sarcastic,
fbi might withhold secret method of unlocking iphone from apple,not sarcastic,
miley cyrus and liam hemsworth had a very instagrammed christmas,not sarcastic,
guess which reality star went all out at comic-con,not sarcastic,
'snl' takes on sexist super bowl stereotypes in the best way,not sarcastic,
study proves exactly how gross bathroom hand dryers really are,not sarcastic,
sponsor drops broncos' brandon marshall after national anthem protest,not sarcastic,
microsoft and amazon have a plan for driverless cars,not sarcastic,
union plows ahead after major scotus setback,not sarcastic,
all quiet except cruz. and did you read about al gore?,not sarcastic,
police chief busted for parking on sidewalk does the honorable thing,not sarcastic,
"going against the flow: diana paredes, ceo of suade",not sarcastic,
emboldened republicans in kentucky push 20-week abortion ban,not sarcastic,
the perfect to keep a sexy bod and still enjoy your vacation,not sarcastic,
"trump campaign manager faces new allegations of pushing, sexually suggestive comments",not sarcastic,
scientists discover mollusks are next evolutionary stage for humans,sarcastic,
kelly rowland's favorite tips for expecting moms,not sarcastic,
"dr. king died fighting for economic justice. nearly half a century later, we continue his fight.",not sarcastic,
watch: $24 million yacht goes up in flames,not sarcastic,
"despite the ugliness, i am staying hopeful in trump's america",not sarcastic,
she dreamed of africa -- and then she was sent there,not sarcastic,
mcdonald's prints calorie count right onto meat,sarcastic,mcdonald 's prints calorie right meat onto
"seeing the humanity of ""the other""",not sarcastic,
from hunter to hunted: 5 attraction marketing strategies to pull in more prospects,not sarcastic,
"who wrote the beatles hit ""twist and shout""? the amazing story of bert berns",not sarcastic,
the key to chip and joanna gaines' marriage isn't really a secret,not sarcastic,
nation to wait for more facts on texas shooting before doing absolutely nothing about it,sarcastic,nation wait for Thomas More on it shooting before serve nothing about texas
how tax cuts led to west virginia's massive teacher strike,not sarcastic,
a guide to sex at 50 and beyond,not sarcastic,
prime rib primer: the roast with the most,not sarcastic,
these simple facebook shortcuts will save you time,not sarcastic,
mourners gather to remember the life of keith lamont scott,not sarcastic,
huffpost rise: what you need to know on february 15,not sarcastic,
don't press the button: the problem with email and what to do about it,not sarcastic,
clay aiken gained 30 pounds eating bojangles chicken during his campaign,not sarcastic,
report: 89% of suzy qs never make it out of gas station parking lots,sarcastic,report : 89 % of suzy Q never make out station gas of parking tidy sum
preparing for retirement after a divorce,not sarcastic,
backpage ceo likely to walk from pimping charges as judge cites shield law,not sarcastic,
the beverly hills hotel and the dangers of keyboard activism,not sarcastic,
elder abuse growing into a national crisis,not sarcastic,
are you the artist...or the masterpiece?,not sarcastic,
autism at 16: cookie monster and the coliseum,not sarcastic,
7 things to make you feel better about a trump presidency,not sarcastic,
russian medallist at winter olympics suspected of doping violation: report,not sarcastic,
elizabeth warren grills trump's labor nominee over workplace safety,not sarcastic,
a plea to free archbishop mar gregorios yohanna ibrahim and archbishop boulos yazigi who were kidnapped one year ago today,not sarcastic,
prison inmates name feared guard known as 'captain america',not sarcastic,
why more older folks are turning to pot to fix what ails them,not sarcastic,
kenya should not sign china and south africa coal deal,not sarcastic,
west virginia teachers plan statewide strike,not sarcastic,
a woman announced her pregnancy with a unicorn frappuccino,not sarcastic,
sunday night's supermoon was incredible — but deadly for these animals,not sarcastic,
psst! disability competitiveness: pass it on!,not sarcastic,
islamic fundamentalists condemn casual day,sarcastic,fundamentalists islamic decry casual day
islamophobia and charlie hebdo,not sarcastic,
carmelo anthony randomly ran a mini-marathon mid-game,not sarcastic,
and the top markets for renting to millennials are...,not sarcastic,
"khloe kardashian thanks fans for their 'patience,' resumes website and app content",not sarcastic,
freyda miller: words and deeds,not sarcastic,
joan rivers perfectly shut down the single woman stereotype in 1967,not sarcastic,
is it ok to be rich?,not sarcastic,
man paid more than enough to put up with this shit,sarcastic,
"a tale of kindergarten hardship, in one little boy's before-and-after photos",not sarcastic,
what's half of $33.35?,not sarcastic,
progressive groups want doug jones to throw caution to the wind,not sarcastic,
daily meditation: by the riverside,not sarcastic,
"monday's morning email: what's next for trump after his ""worst week""",not sarcastic,
'suicide squad' kills box office competition with massive $135.1 million debut,not sarcastic,
'dotard' vs. 'rocketman': the nuclear standoff that rattled 2017,not sarcastic,
scotland and wales will now allow northern irish women to access free abortions,not sarcastic,
don't passively online shame hurricane irma residents,not sarcastic,
new york attorney general examining eric trump charity payments to trump properties,not sarcastic,
un confirms aid convoy bombed in syria near aleppo,not sarcastic,
pope francis warns of 'dangerous' alliance between u.s. and russia,not sarcastic,
two non-binary college activists on creating space for themselves on campus,not sarcastic,
"senate gop, democrats reach deal imposing new sanctions on russia",not sarcastic,
demolishing the 7 myths propping up fossil fuels,not sarcastic,
you may not have noticed but there were almost no latino films in 2015,not sarcastic,
pope criticizes conservatives at key church gathering,not sarcastic,
"wealthy, famous individual described as 'totally down-to-earth' by thousands of acquaintances, all of whom are lying",sarcastic,
ryan lochte now changing account of events going back years before robbery,sarcastic,ryan lochte now changing of events going before year back robbery
rick santorum relieved no one has asked him about interracial marriage yet,sarcastic,rick santorum take over no marriage hold asked about interracial one yet
new okcupid feature alerts users when it's time to come crawling back,sarcastic,
3 tips for coping with grief during the holidays,not sarcastic,
what makes bill gates feel 'stupid',not sarcastic,
jay-z's '4:44' makes room for black men to be vulnerable,not sarcastic,
twitter applauds trump's demands for 'law and order',not sarcastic,
watch heroic drivers rescue 2 scared dogs dashing down freeway,not sarcastic,
obama's new cuba policy corrects a five-decade failure,not sarcastic,
freemasons return to jupiter,sarcastic,jupiter riposte to freemasons
"skip the haunted houses, take a digital tour of abandoned buildings instead",not sarcastic,
why the eu plan to stop mediterranean migration is a human rights concern,not sarcastic,
our new mother within,not sarcastic,
kim kardashian wears sheer top in festive christmas eve photo,not sarcastic,
rumsfeld sick of jokes about his fat girlfriend,sarcastic,rumsfeld of jokes his about productive girlfriend
twitterverse trolls iphone x's new security feature with arya stark jokes,not sarcastic,
for-profit college hastily designs diploma for student on verge of actually graduating,sarcastic,for-profit college in designs haste diploma for student along verge of actually graduating
reddit bans page hosting celebrity nudes,not sarcastic,
kendall and kylie jenner get revenge on cheating guy in snapchat soap opera,not sarcastic,
trump spokesman jason miller says he won't take top white house job,not sarcastic,
the dubai film festival diaries: a classy end to a life-changing event,not sarcastic,
adam schiff says there's 'more than circumstantial evidence' of trump ties to russia,not sarcastic,
alton sterling protesters remind you what america keeps forgetting,not sarcastic,
"jimmy kimmel can't soften daca opponents, even with a cute baby",not sarcastic,
new envelope pushes envelope envelope,sarcastic,pushes envelope envelope
president barack obama backs expanding social security,not sarcastic,
independence day,not sarcastic,
congresswoman fights for gun control because she almost lost her life to gun violence,not sarcastic,
tsa agents to now simply stand at checkpoints and remind passengers that we all die someday,sarcastic,checkpoints broker to now plainly stand at TSA and remind passenger that we all someday
vacation-bound rush limbaugh to do nothing but golf and respect minorities for 2 weeks,sarcastic,
yet another donald trump pick has a habit of spreading dangerous conspiracy theories,not sarcastic,
friday's morning email: inside trump's presser for the ages,not sarcastic,
"plus-size holiday fashion: tutus, sequins, and standing out",not sarcastic,
the royal family is ready for your awkward office holiday party,not sarcastic,
nine rules for effective online content,not sarcastic,
7 common misconceptions about the hebrew bible,not sarcastic,
these are the only 5 shoes you need in your closet this fall,not sarcastic,
7 steps to stay financially fit in 2015 and beyond,not sarcastic,
the number of puerto ricans without water grew to more than half: dod,not sarcastic,
friend who listened to podcast on watergate bursts into conversation with guns fucking blazing,sarcastic,into who hear to podcast on Watergate bursts friend conversation with guns fucking
"the 'rain room' is coming to los angeles, not to be confused with actual rain",not sarcastic,
i am not a prostitute. i'm a female solo traveler!,not sarcastic,
the politics of shame and pride,not sarcastic,
hooded members of congress drown another love child in potomac to prevent affair from getting out,sarcastic,hooded fellow member of drown another love in kid potomac to prevent affair from getting extinct
incredible waterspout spotted over iowa lake,not sarcastic,
nearly 1 in 10 children not enrolled in school: un,not sarcastic,
live election coverage: watch as midterm results pour in,not sarcastic,
report: revolving door gave goldman access to fed secrets,not sarcastic,
this is probably the first mammal extinct because of man-made climate change,not sarcastic,
rod stewart thought it was a good idea to stage a mock beheading in abu dhabi desert,not sarcastic,
tiny changes {today's buddha doodle},not sarcastic,
remembering james horner,not sarcastic,
what's your story?,not sarcastic,
not one woman less: protesting femicide in buenos aires,not sarcastic,
winston churchill's grandson introduces a new nickname for donald trump,not sarcastic,
"japan's economy emerges from recession, growth weaker than forecast",not sarcastic,
solar jobs report shows huge growth,not sarcastic,
conceiving our chosen family,not sarcastic,
older brother to attempt unmanned bike mission into ravine,sarcastic,sure-enough chum to mission unmanned bike attempt into ravine
just some guys in england driving a tank to the gas station,not sarcastic,
this republican once said helping refugees made us a 'better nation.' but now he's done.,not sarcastic,
christina aguilera is barely recognizable on paper magazine cover,not sarcastic,
trump administration may use executive authority to tweak obamacare's rules,not sarcastic,
dove deodorant's #alternativefacts campaign trolls the trump administration,not sarcastic,
a new joint message from the kremlin and the trump administration,not sarcastic,
julia stiles marries preston j. cook in intimate seattle beach wedding,not sarcastic,
va loan program may be letting veterans down,not sarcastic,
can blind auditions change the ratio of women in tech journalism?,not sarcastic,
accused 'kayak killer' pushed paddle away from drowning fiance: prosecutor,not sarcastic,
5 must-try international takes on macaroni & cheese,not sarcastic,
jason priestley praises shannen doherty's bravery amid cancer battle,not sarcastic,
how to get a bikini body without buying a bikini body plan,not sarcastic,
"prog noir and beyond: conversations with tony levin, cactus' carmine appice, jim mccarty, and jake shimabukuro",not sarcastic,
capital in 21st century,not sarcastic,
vulnerable republicans just showed why fighting for trans rights is a political winner,not sarcastic,
arby's ceo arrested with trunk full of stolen horsey sauce,sarcastic,'s ceo arrested horsey trunk full of steal with sauce
the best maternity style moments at the grammys,not sarcastic,
5 better questions to ask allergy families,not sarcastic,
an eerie series that examines whether we ever truly die on the internet,not sarcastic,
urine-proof paint returns fire on peeing perps,not sarcastic,
top democrat pushes back on expanding obama's trade powers,not sarcastic,
teen crafting marketable persona in garage hoping to one day win grammy,sarcastic,teen to marketable persona indium garage hoping crafting nonpareil day make grammy
darren wilson ain't no ham sandwich: prosecutorial manipulation of a flawed grand jury system,not sarcastic,
eli broad: it's 'news to me' i'm buying the la times,not sarcastic,
twitter took a much-needed break from the world to #addcandytoamovie,not sarcastic,
5-year-old boy faces a tough decision about his girlfriends,not sarcastic,
560-pound man says he's riding across country to save his life -- but is he scamming america?,not sarcastic,
"rubio lays out new, hardline position on immigration",not sarcastic,
"in 'margaritaville,' broadway's lisa howard finds strength and self-worth",not sarcastic,
thursday's morning email: the obamacare repeal comes down to these three senators,not sarcastic,
17 mother's day gifts and cards for all the geeky moms out there,not sarcastic,
acclaimed mexican journalist: the drug war is 'completely false',not sarcastic,
when sugar was the answer,not sarcastic,
this will make you never want to check a bag again,not sarcastic,
north carolina tops gonzaga to win sixth ncaa title,not sarcastic,
"adele opens up about her private life, squad goals and new album",not sarcastic,
huffpost rise: what you need to know on december 23,not sarcastic,
here's what you need to know about obamacare enrollment this year,not sarcastic,
"backing devos repeal of obama rules, for-profit colleges vilify students",not sarcastic,
taylor swift used a 'gremlin voice' while writing '1989',not sarcastic,
fox news meteorologist slams woman who said her legs are 'too fat',not sarcastic,
son's friend the kind who always gets nosebleeds,sarcastic,boy 's friend gets kind who the nosebleeds
adorable panda cub bei bei makes a very sleepy public debut,not sarcastic,
frustrated employee no longer even trying to hide gre study books,sarcastic,frustrated employee gre longer yet test to hide no study books
unpopular opinion: why i think the sat is a good thing,not sarcastic,
"donald trump heading for a series of wins in the northeast, polls say",not sarcastic,
cops accused of racism after detaining black man over 'vegetation',not sarcastic,
idea to see mario van peebles movie occurs to no one,sarcastic,to take care wave new mario movie occurs to no one
rep. trey gowdy endorses marco rubio for president,not sarcastic,
daily meditation: joyful,not sarcastic,
you are enough,not sarcastic,
5 lessons from a twenty-something divorcée,not sarcastic,
dave ramsey's daughter reveals the biggest money lesson she learned from dad,not sarcastic,
one man's quest to document the highways that tore his city apart,not sarcastic,
who declares sierra leone free of ebola,not sarcastic,
poor people's campaign is the angry response to inequality america needs,not sarcastic,
study finds flushing toilets wastes billions of gallons of piss and shit annually,sarcastic,study finds flushing toilets wastes billions of and of piss gallons cocksucker.
things my dad never did,not sarcastic,
yo soy blanco,not sarcastic,
ben carson has a weirdly specific vision of how 'the purge' could turn real,not sarcastic,
"trump expels 60 russians, closes russian consulate in seattle after uk chemical attack",not sarcastic,
chris stapleton had no idea who adele was when she covered his song,not sarcastic,
tsarnaev death penalty a warning to any other religious fanatics hoping to be martyred,sarcastic,be death penalty a warning to whatever other religious fanatics hoping to tsarnaev martyred
beyoncé channeled 5 of lil' kim's iconic outfits and lil' kim couldn't cope,not sarcastic,
state department's anti-semitism office will soon have no staff,not sarcastic,
"thank you, america",not sarcastic,
town nervously welcomes veteran back home,sarcastic,nervously veteran welcomes endorse home
"once the capital of nostalgia, istanbul is now the capital of anxiety and neurosis",not sarcastic,
why i'm choosing to move to nyc,not sarcastic,
wells fargo faces proposed class action lawsuit over bogus account scandal,not sarcastic,
martin o'malley aims to set the bar on criminal justice with comprehensive reform plan,not sarcastic,
donald trump's lawyer claims president was never told about son's russia meeting,not sarcastic,
beyoncé's 2015 global citizen fest setlist was pretty flawless,not sarcastic,
friend from college wasted no time becoming white-collar professional,sarcastic,supporter becoming college wasted no time from white-collar professional
stressed out at work? how to cope -- without turning to food or booze,not sarcastic,
scotland more relaxed when sean connery is away,sarcastic,Scotland more relaxed represent connery when
"so long, thimble: hasbro axes classic monopoly token",not sarcastic,
#trumpacandy took over twitter and it was gloriously sweet,not sarcastic,
colbert is stunned speechless by trump's terrible 'birthday present' for melania,not sarcastic,
"someone stole a ton of very, very valuable bull semen",not sarcastic,
authors are rallying to preserve langston hughes' harlem home,not sarcastic,
ted cruz favorability with republicans drops after convention speech,not sarcastic,
what your movements may reveal about how you'll get along with another person,not sarcastic,
my birthday is a day of infamy,not sarcastic,
the aftermath of an alleged chemical weapon attack in idlib,not sarcastic,
the fight to overturn citizens united: what happens now?,not sarcastic,
it's 2016. do you know where your bombs are falling?,not sarcastic,
chinese human rights activist wu gan sentenced to 8 years in prison,not sarcastic,
"putin, erdogan and orban: band of brothers?",not sarcastic,
new national park caters to business travelers,sarcastic,park caters to travelers business
the importance of increasing efficiency in new york city government,not sarcastic,
private vehicles beat ambulances in saving gunshot and stabbing victims,not sarcastic,
passengers freed from hijacked plane that landed in malta,not sarcastic,
meeting jon snow irl is apparently like seeing the 'mona lisa' for the first time,not sarcastic,
invest in human capital,not sarcastic,
"under trump, union election rules could be tilted in employers' favor",not sarcastic,
life between curfews and kids,not sarcastic,
'whoisdsharp' injects some viral vine violin into huffpost 6x60,not sarcastic,
mars maven begins mission to take thousands of high-resolution desktop backgrounds,sarcastic,mars to begins mission maven get hold of thousand of high-resolution screen background
the fantastic faroe islands,not sarcastic,
frugal couple saves money by making own porn,sarcastic,frugal money saves duo making pornography
police in cleveland are handling the rnc protests well. the bikes really help.,not sarcastic,
car salesman three desks over going on and on about chick he banged last night,sarcastic,auto salesman three desk over live banged and on about chick he on go night
"study: zero people have led satisfying lives after altering original career plans, aspirations",sarcastic,study zero people have result satisfying lives aspirations master career plans altering
do you use someone else's netflix password? you're not alone,not sarcastic,
obama administration takes deportation relief for millions to supreme court,not sarcastic,
makeup do's and i prefer you don'ts,not sarcastic,
man trying to get out of executioner duty,sarcastic,stunned trying to get man of executioner responsibility
study: not being an asshole boss may boost employee morale,sarcastic,discipline : not may an arse boss being supercharge employee morale
joan rivers defends israel with an analogy all her own,not sarcastic,
trump voters had a much better 2017 than clinton voters did,not sarcastic,
pulse nightclub shooter's father revealed as former fbi informant,not sarcastic,
to vaccinate or not to vaccinate: why is that even a question?,not sarcastic,
"sanders hits bill clinton on welfare reform, trade",not sarcastic,
trevor noah defends obama from conservative criticism on police brutality,not sarcastic,
the paradox of addiction,not sarcastic,
donald trump's sacking of james comey is a test for republicans,not sarcastic,
"song premiere: j.d. mcpherson, 'bossy'",not sarcastic,
watch nicki minaj's surprise performance with the weeknd on 'snl',not sarcastic,
the president of israel reaches out to palestinian arabs of israeli citizenship,not sarcastic,
"science, evolution and our intimate parts",not sarcastic,
birchbox founders reveal the best and worst business advice they've ever received,not sarcastic,
five reasons to love fashion designer bibhu mohapatra,not sarcastic,
pope tweets picture of self with god,sarcastic,
congress votes to intervene in local wedding,sarcastic,copulation In to votes local wedding
watch as stephen colbert hilariously tries to seize control of the dnc podium,not sarcastic,
2 koreas make history marching under unified flag in olympics opener,not sarcastic,
